URL,Último rastreo
https://www.costabravarentaboat.com/de/datenschutz,2026-04-14
https://www.costabravarentaboat.com/es/,2026-04-12
https://www.costabravarentaboat.com/ru/politika-cookie,2026-04-12
https://www.costabravarentaboat.com/es/politica-cookies,2026-04-12
https://www.costabravarentaboat.com/es/politica-privacidad,2026-04-11
https://www.costabravarentaboat.com/es/alquiler-barcos-pineda-de-mar,2026-04-05
https://www.costabravarentaboat.com/es/alquiler-barcos-tordera,2026-04-05
https://www.costabravarentaboat.com/es/terminos-condiciones,2026-04-05
https://www.costabravarentaboat.com/de/boot-mieten-pineda-de-mar,2026-03-30
https://www.costabravarentaboat.com/de/boot-mieten-tordera,2026-03-28